,SRR9224357,SRR9224359c,SRR9224362,SRR9224245,SRR9224364,SRR9224363c,SRR9224365,SRR9224525,SRR9224526,SRR9224523c,SRR9224529c,SRR9224527c,SRR9224243c,SRR9224329,SRR9224328,SRR9224122,SRR9224117,SRR9224156,SRR9224344,SRR9224171c,SRR9224316,SRR9224315,SRR9224541,SRR9224542,SRR9224539,SRR9224540,SRR9224491,SRR9224229c,SRR9224230,SRR9224223,SRR9224224,SRR9224086,SRR9224085,SRR9224084,SRR9224083,SRR9224082,SRR9224081,SRR9224287,SRR9224146,SRR9224078,SRR9224077,SRR9224422,SRR9224423,SRR9224424,SRR9224425,SRR9224426,SRR9224427,SRR9224428,SRR9224429,SRR9224430,SRR9224431,SRR9224254c,SRR9224290,SRR9224289,SRR9224281,SRR9224285c,SRR9224284,SRR9224260,SRR9224259,SRR9224115,SRR9224490,SRR9224478,SRR9224037,SRR9224476,SRR9224477,SRR9224474,SRR9224475,SRR9224120,SRR9224121,SRR9224534,SRR9224533,SRR9224532,SRR9224531,SRR9224538,SRR9224537,SRR9224536,SRR9224535,SRR9224098,SRR9224097,SRR9224369,SRR9224370,SRR9224371,SRR9224372,SRR9224247,SRR9224248,SRR9224367,SRR9224368,SRR9224361,SRR9224246,SRR9224504,SRR9224503,SRR9224506,SRR9224505,SRR9224508,SRR9224507,SRR9224510,SRR9224509,SRR9224512,SRR9224511,SRR9224332,SRR9224333,SRR9224330,SRR9224331,SRR9224340,SRR9224341,SRR9224334,SRR9224335,SRR9224342,SRR9224343,SRR9224347c,SRR9224345,SRR9224346,SRR9224351,SRR9224352,SRR9224349,SRR9224350,SRR9224354,SRR9224355,SRR9224514,SRR9224513c,SRR9224515,SRR9224518,SRR9224517,SRR9224520,SRR9224519,SRR9224522,SRR9224521,SRR9224061,SRR9224062,SRR9224063,SRR9224064,SRR9224336,SRR9224337,SRR9224338,SRR9224339,SRR9224053,SRR9224054,SRR9224214,SRR9224213,SRR9224212,SRR9224211,SRR9224210,SRR9224209,SRR9224208,SRR9224207,SRR9224217,SRR9224216,SRR9224271,SRR9224272,SRR9224269,SRR9224270,SRR9224267,SRR9224268,SRR9224265,SRR9224266,SRR9224389,SRR9224264,SRR9224445,SRR9224444,SRR9224447,SRR9224446,SRR9224441,SRR9224440,SRR9224220,SRR9224219,SRR9224218,SRR9224436,SRR9224497,SRR9224498,SRR9224499,SRR9224500,SRR9224493,SRR9224494,SRR9224495,SRR9224496,SRR9224501,SRR9224502,SRR9224102,SRR9224101,SRR9224100,SRR9224099c,SRR9224105,SRR9224104,SRR9224103,SRR9224108,SRR9224107,SRR9224261,SRR9224319,SRR9224198,SRR9224199,SRR9224204,SRR9224205,SRR9224202
Phascolarctobacterium_sp_59817_A,,,,,,0.0108029749661,,0.0237850921887,,0.015467273058499998,0.0178341800915,0.013901827808299998,,,,,,,0.020309745872900003,0.023903988092200002,,,,0.0313984309606,,,,0.039206362683699994,,0.0203939166263,,0.022680104010900003,,,0.013671868368799998,,,,,,,,,,,,,,,,,0.0185456594195,,0.0237262904684,,,0.0381823416725,,,,,,,,,,,,,0.0204932077388,,,,,,,,,,,,,,,,,,,0.026226470192400004,0.0144790857131,,,,,,0.027615035480499997,,,,0.0122975196076,,,,,,,,,0.021948605711099998,,,,,,,,,,,,,,,,,,,,,,,,,,,,,,,,,,,,,,,,,,,,,,,,,,,,0.0210538583714,,,,,,,0.018679788472,,,,,,,0.0239126339516,,,,,,0.009707076579290002,,,,,,,,,,,,0.0172438386972
Barnesiella_intestinihominis_62208_A,,,,,,0.013124787369799999,,,,,,,,,,0.0225024276774,,,,0.0107740927122,,,,,,,,,,,,,,,0.0128422978131,,,,,,,,,,,,0.015385334317499999,,,0.031214404840199998,,,,,,0.0137410740082,,,,,,,,,,,,0.0209651257195,,0.0165223743423,,,,,,,,0.020633921006,0.029880103491400002,,0.021325681538400004,0.0164678162081,,,,,,0.0268382125354,,0.0172732365706,,,,,,,,,,,,,,,,,,,,,,,0.0314772843346,,,,,,,,,,,,,,,0.038876197053,,,,,,,,0.026095715925699998,0.018420737784,,0.0447992040754,,,0.013637468959299999,0.0212519673995,,,,,,,,,,,,,,,,,0.018548848787700002,,,,,,,,,,,,,,,,,,,,,0.0167396032158,,,,,,,,,,,0.016053125970199998,
Ruminococcus_bicirculans_59300_A,,0.025340572294900002,0.0599253566316,,,0.016108757449399998,,,,,0.020456935696400003,0.0177384773985,0.021502103892200003,,,,,,,0.0127041463371,0.0250816019998,,,,,0.037079365544699996,,,,0.036837273659900006,0.021450995252099998,0.0377398359861,0.04558301997380001,,0.024668478228599997,,,,,,,,0.0336710636051,,,,,,,,,,,0.0228030584766,,,,,,,0.0366864723531,,,,,0.021331640418599997,,,0.0202315532846,0.0369424931629,0.03717546597119999,,,0.0303107674658,,,,,0.0271906773499,0.0468094067093,,,,,0.041754053824699995,,,,,,,,,,0.0214596333966,,,,,,0.0958543686216,,0.040374471863,,,,,0.113279399805,,,,,0.0772777434678,,0.0388879576979,0.037597829306,,,,0.0234127572848,,0.019265432264099998,0.0413191717322,0.0656734126484,,0.11974700436899999,0.11753372421399999,0.024120695956900005,0.0685718881601,,,,,,0.0565789933899,0.036281732549,,,0.0958238757898,0.0360787802289,,0.021787696447400005,0.0234373867631,0.028796683925,,0.049752085661899995,,,,,,,,0.0299437276745,,,0.023960961108900003,0.020480383961200003,,,0.040103335373900005,,,,0.0285288177894,0.054873579982699996,0.020919860293099998,0.026632025625400003,0.022291581165400004,0.020711129893,0.023849394327500002,,0.0258544874433,0.0176368141141,0.020709130689000002,,,0.0255060137444,,0.027766451178299997,0.0140342837536,0.0373315069657,0.029585431829,,,,,,,,,,
Bacteroides_uniformis_57318_A,0.09725023480689998,0.10639953757099999,0.0923710920568,0.17970033263500002,0.14031892767100002,0.144183252176,0.128073198513,0.11668152610999999,0.141560568639,0.06970646686200001,0.0787639013004,0.0829725336302,0.12410325965600001,0.059810476078199996,0.13814878901,0.0566901469393,0.062333901991300004,0.0777460869233,0.114553261689,0.101419607976,0.0757159723461,0.10593428369899999,0.11285800047599999,0.191746562019,0.10234545166000002,0.0841004795651,0.135415038066,0.13193494173800002,0.152818957546,0.14027049852499998,0.151238879484,0.130555952992,0.16219882371400002,0.162151378873,0.131002199341,0.131417668146,0.100969823478,,0.0679550522442,0.152283274516,0.124258116999,0.17924274047299998,0.09458323945000001,0.156541316719,0.13267163076400001,0.152629712381,0.138012727493,0.128804375579,0.158089186904,0.123285850701,0.22324178371599998,0.121705451737,0.107196275361,0.109917896406,0.19171260182799998,0.187524268448,0.19534105779,0.18680363006200001,0.136988145231,0.158385913136,0.14802349660800002,0.12420978405,0.15436489007,0.13993017616599998,0.170460101548,0.092603770821,0.137472916623,0.15949960652,0.18927673687600002,0.113938682794,0.127400499659,0.18389937591699998,0.165798721938,0.127814296746,0.054533892365300006,0.153097061383,0.109952573585,0.09820603542619999,0.130909825921,0.04870619978159999,0.0638868969643,0.164039019013,0.14399784814799999,0.251566000679,0.144632396,0.256621634511,,0.177946159466,0.145491708861,0.163393218255,0.133686893848,0.165785491283,0.142081202328,0.180695643825,0.188277779069,0.044754769987900005,0.11216209367300001,0.17984885772,0.160233337197,0.18538085369500001,0.08842761918410001,0.215990309163,0.0818540414837,0.12157762578199999,0.138874622477,0.10333450422900001,0.05805143233630001,0.0855330937275,0.167902092265,0.0781422208663,0.093186257236,0.134847860652,0.0767018012204,0.0913796842585,0.0710219117215,0.09560419821340001,0.162561604862,0.131419878082,0.135431253882,0.148112410414,0.103942393229,0.165829184478,0.0617784689236,0.0446097612911,0.109626301339,,0.0633847815822,0.102888315867,0.0734921535404,0.15315378777,0.17319826278,0.147244631816,0.10438973092800001,0.08745618762679999,0.0840329894958,0.117484410244,0.12805208442500002,0.178957610667,0.15078914191099999,0.10393529799699999,0.142279052225,0.156187232851,0.0790835790548,0.110600266076,0.122639025784,0.12539959769099998,0.232264867548,0.198795954694,0.0936641127203,0.14430693668800001,0.118182550307,0.147294515908,0.19714653215199998,0.118378513702,0.177110216864,0.144071598684,0.0625725850971,0.118259481646,0.166738642514,0.19181443645100002,0.113453052363,0.122245707378,0.187098230742,0.203516006224,0.158172248587,0.115531706469,0.111785729312,0.20131827167,0.123484264564,0.207339036525,0.204537332394,0.157630954926,0.184987517203,0.202325959675,0.23155880775499998,0.140222514377,0.0743270560315,0.106086147698,0.09063026854080002,0.0895740507608,0.167100257565,0.186169905302,0.16991953719500003,0.16276491717900002,0.216812023329,0.23802281012200002,0.0699037648044,0.184114768932,0.18721577197500003,0.14312909304000002,0.18285774011199998,0.149642659778,0.185502055858
Ruminococcus_bromii_62047_A,,0.0214477592692,,,,,,0.15828237521500002,0.0441239465271,0.0731531468679,0.029852811386500002,0.0300632881495,0.035340102612400004,0.05840023804830001,,,,,,0.0224557269313,0.050104613918900004,,0.0371879534349,,,0.0297698961247,,,,,,0.09100826187410001,,,0.026173224652900003,0.0328083211287,,,,,,,,,,,0.018157590981099998,0.045404449095,,0.0286159299083,,,0.21113225350900003,,,0.020485270830400002,,0.021952112381199998,,,,,,0.0274206088338,,0.112701937324,,,0.0325249440064,0.0288189440762,,,,0.0258017262959,0.05759340240809999,0.0647030875128,0.044015345672300005,0.0606741115589,0.033175830572200006,0.021888325747599996,0.0201426019609,,,,0.027148784169700003,,0.0808695290018,,,,0.023803385002200004,0.0238607807674,,,,,,,,,,,,,,0.030444561299799996,,,,0.0801721542864,,,,,,0.0260828766017,0.0257165677476,0.0401262034754,,,,,0.0216091176425,0.0417717508579,,0.0463627891798,,,,,0.055691593397699996,,,0.044399763822,,0.0250385517734,0.0190473957132,,,,,0.0196861946413,0.041084609781300005,0.0476552481568,,0.041484017655199996,0.026481761672299996,,,,,0.0238836087494,,,0.0331472683776,,0.022160140211800003,0.0218955159496,0.0444292049347,,0.017080583546,0.0655860198694,,,0.018452592647200002,0.0277413774492,0.0276286111985,,,0.032421797170599995,,,,,,,,,,,,0.035048452559099996,,,,,,0.034901456176,0.030704116968400003,0.0350588790309,,,0.0226331116768
Faecalibacterium_prausnitzii_57453_A,,0.02083550636,,,,0.011354250799799999,,,,0.017594472473900002,0.0244709224218,0.0150134400077,,,0.021018374446099997,0.014224935984399998,,,0.016559028782500002,0.0148222018422,0.022638619519099998,,0.0174666548447,,,,,,,0.0260562609638,,,,,0.0226115110677,,,0.0444928576516,0.0379119122858,,,,,,,,,,,,,,,0.018050696517,,,,,,,,,,,,0.0175314674971,,,0.0106190380042,,,,,,,,0.028514775191900002,0.019227783845599998,,,,,,,,,,,,,,0.0251052593524,,,,,,,,0.0289939380877,,,,0.029130486975199998,,,,,,,,,0.0327102944573,,,0.0175828407943,,0.0323196316357,,0.014256998530999999,,0.011170046178200001,,0.0182028500262,,,,,,,,,,,,,,,,,,0.013212450192200001,0.0230749466427,0.0142660618453,,0.012729848944899999,,,0.020383486897099998,,,,,0.0157672686926,0.012421749085299999,,,0.0112697630956,0.0150093485504,,0.015125110011700001,0.00831544109295,,,,0.0216883532751,0.015951365156,0.014261723277100001,,0.013180186072499999,0.011664743874600002,,,0.020086814654099998,0.023692859383200003,,,,,,0.0129630663527,0.030862771272900002,0.013048067939299999,,,,,0.0170456316448,0.0245704033016,,,,
Parabacteroides_merdae_56972_A,,,,,0.07914098022189998,0.0875411387548,0.238293271884,0.0972056676213,0.0465943903447,0.061427246536499995,0.05393700968830001,0.038225165754499996,0.046206577071900005,,0.0202455330324,0.049971584323500004,,,0.030935377976500002,0.0348039985675,,0.0371975116135,0.06635806612980001,0.051554189308699996,0.0918943609816,0.0421992349278,0.0911053426485,0.0554712301904,0.05111728304219999,0.0318394051928,0.0658376649973,0.0389180745826,0.0965195329696,0.0426410474998,0.0371345608587,,,,,,0.0585399894594,0.0626637523788,0.0612960966064,0.05625536814780001,0.053626610298499994,0.051053033607000003,0.07363482230019999,0.0439738722944,0.0414204602269,0.06187640269380001,0.0437936104041,0.0334778308348,,0.05034123765219999,0.0582450379402,0.061179497764,0.0461880427524,0.0580812234519,,,0.0485473129852,0.0505238624107,0.0396498216949,0.0334818410337,0.0676791948879,0.0201798958093,0.0369639980337,0.049835783307999995,0.0204326219643,0.040550506637300004,0.0376053376921,0.051519398856300004,,0.0405612480182,0.0338115906413,,,0.0346975427121,0.0688862026518,0.0222645316115,0.034471228755800006,0.0642983126086,0.09195333704710001,,0.122949920417,0.0637678128634,,0.04823517371730001,0.033423587936200004,0.04510791319640001,0.0455559340673,0.04580669265100001,0.06876398529010001,,0.04879806504340001,0.07395793509200001,0.042587513287699996,,0.05237566786759999,0.0233160234675,0.0398452903866,0.07215805329080001,,,0.0456320245228,0.040071872592,,0.0426042048061,0.028801322904500003,0.0255023558917,,,,0.0503940826614,,0.0261100870515,0.0338170290944,,0.0322054699133,0.042932952761399995,,0.0222181021459,0.0393675452657,,0.0684897249485,,,0.060512301572699996,,0.0473046459448,,,,0.0556569805916,0.028977130710800002,,0.0168992202608,0.0362644077158,,,0.048705448662300005,0.0409478474679,0.032530569901,0.0261590696489,0.0412033233618,0.033046536397599996,0.0406878264874,0.053244011337699994,0.0508120569955,0.0635143135074,0.0564092216513,0.0314939186774,0.0234816009907,0.0249546306996,0.0233393202075,,0.0207635518307,0.0188696825891,,0.023063190534799997,,0.0232925664077,0.023181912598799998,0.032189479457499996,0.024235240657099998,0.0348075016074,0.0312832833586,0.0384173681364,0.07821866569210001,0.034191527331,0.0304203890245,0.040407668299,0.0579048599636,0.0284285894735,0.0343298791087,,0.0338615483732,0.021135649269699998,0.0289112251853,0.031670894361,0.0543541040785,0.0243982398134,0.0291183059075,,0.041101934276699996,0.0360631486255,,0.021559878580800003,,,0.0601516953486,0.056928535084,0.036105568496500005
Bacteroides_stercoris_56735_A,,0.015619062035399998,,,0.030357068415799996,0.0399148060981,0.0259470230913,0.0243561755793,0.0387288060765,0.0512502364604,0.070545795309,0.0799569530198,0.061018539910500005,0.0318076540403,0.07424955764010001,0.055517004611300005,0.07359488164969999,,0.034371144022,0.0320108552485,0.024484677155599998,0.0290442059233,0.0295987378277,0.05524636032000001,0.056148862203099996,0.0442891763626,0.046486210652599995,0.036269438714099995,0.0479235769721,0.0385108080039,0.038733591515099995,0.03875452859530001,0.07205113702600001,0.0322431648349,0.052203043519299996,0.037449630674099996,0.0388215817129,,0.05230540887630001,0.04355447137519999,0.0724585719306,0.06314212837569999,0.06945534480139999,0.037799796757199994,0.052806384974,0.0446347143783,0.0282555756343,0.0326500646259,0.0756637895136,0.07451141613119999,0.0766112456073,0.0678618137424,0.0453521015012,0.056067454155199994,0.029951596253400003,0.0413416726977,0.0344272233855,0.022908609123400002,,,0.023887855631,0.043603993774199996,0.0399341823654,0.0484593754698,0.0484459409932,0.0263010051633,0.017492331276900003,0.0413443570485,0.0227922731983,0.030325578459200003,0.061763524892999994,0.036610021017,,0.03474945551730001,0.023935680810700005,,,0.04381823335059999,0.0350047888245,,0.0282413549455,0.0604064179636,,0.0294578294349,0.0210996772819,0.032337421077900004,,0.050138448723300005,0.0388583269223,0.0430096181226,0.0203024664032,0.026823631989,0.045935261718800004,,0.0259689628695,0.026225931579499998,0.050089630982400005,0.0229156156177,0.0402389694701,0.0311372185399,0.027390291600599997,,0.0788421396907,0.0894317066223,0.0404898164513,0.052355368437400004,0.0842873344155,,0.029926489465400004,0.0231478229752,,,0.0530948510068,0.0501745862223,0.0786815548265,0.0889144952042,0.0558795528313,0.0521042857161,0.053097790735200004,0.040919421405599996,0.0797204198802,0.0283583877739,0.0272140606972,0.04351223823250001,0.028836003613800003,0.0295316545933,0.0581169202,0.0634140012394,0.05190994296280001,0.0372476574174,,0.0316205903881,0.055708044494000006,0.056020124360499995,0.07271929673389999,0.09063074045469999,0.0666750820237,,,,,0.0172335068712,0.0205666025795,0.0247695652382,0.042533099757500005,0.0457075676599,0.0247696707681,0.0203802051726,0.032519390656,0.08885871037660001,0.0475049476639,0.0362571597348,0.0335624151563,0.0382889946973,0.0269203089304,0.0236202417208,0.049782687920699994,0.0506843957597,0.049097878960899996,0.056437687851,0.0505225488255,0.026636821642299996,0.025172358232400004,0.0244028251744,0.040500625406999995,0.05010332739849999,0.0513147356694,0.113692705508,0.052320502625,0.032742096857599996,0.036057266945,0.0526692110238,0.04319079945069999,0.0379891663916,0.021700663520900002,,0.0246731645522,0.0378245363864,0.031783116734,0.09887798233100001,0.05727152298359999,0.0419480262141,0.0486994992349,,,,,0.025399914057400004,,0.024139177496899998,0.0356695270319,0.0312519922473,0.025288492771099996
Eubacterium_rectale_56927_A,0.017037139265909093,0.005719371214613333,,,,0.007644129475693182,,0.00558698896675,0.014265911850971433,0.01858777939821429,0.005040566972216666,0.00651383097126969,0.0054739923438,0.042028783065413786,0.0053709142392727284,,,,0.006887513079088235,0.0069160699544249995,0.0104576844131,0.0070527434494200006,0.027080545306800003,,0.006157289586680001,0.00479038477926923,,,,,,,,,0.0022650044421700004,,,,0.0059375103210166655,,,,,,,0.028949307526750002,0.06467609185603816,,,,,0.0041021118541399995,0.010134451832799998,0.007392777419309092,0.00771672644135,0.006133621136233333,,,,,,,0.0048684853165272745,0.00631284508394,,0.0037292644611705886,0.005986519461722728,,0.0032201818048615384,,0.008824394425952944,0.007359336898928572,,0.012250412866235292,0.016141592460210526,0.00925667983205,0.007395596608500001,0.006587608656342857,0.012985689800076925,0.016703079823023253,0.013255157989402773,0.004313674733430769,,0.004743577851116666,0.007539639728833334,0.008424331996163638,,0.0053877328101625006,0.006766907387130001,0.004961377712866666,0.012713198869114758,0.003775185908763637,0.017915005031625,0.014987336969285713,0.014894044073974357,0.004082554520483333,0.00855282932509333,,0.0125580558018,0.007418319644630001,0.018246061999732142,,0.006770510824584615,0.0076213105314,0.011200096245363639,0.0050578914291000004,,,0.009125319665309092,0.034706479865569496,0.04116321077249999,0.00795286379802,0.006857981307194167,0.012078374874111111,0.01760042723478261,,0.004554689174214287,0.01248734000972,,0.00476445761095,0.011188735393957146,0.010757899405042426,0.037295306333684206,0.04011386948588388,0.013581369654599999,0.03186019648093482,,0.00832996878678,0.010447472419409999,,,0.007510347652143749,,0.029246567047499998,0.03328885791307317,0.00549658199063077,0.00564731394669,,,0.019519119794833333,,0.0033046720831619043,0.012333759253360001,0.0047363328066181805,,0.010110221734,,,,,,0.006029218206654546,,,0.005515025628666667,,0.03201728178766,0.011833560849157144,0.008854688571,0.00662488138565294,0.015232422170714285,0.013063386665874999,,,0.012554669686295454,0.015601625465866667,0.0067669664260105265,0.005822922920949999,0.01318257579090909,0.008458004747973915,0.0061254306319000005,,0.006340933112706668,0.003872608447264,0.007280302884528571,,0.011877471987352943,0.003644399951957142,0.006977514476497825,0.006851567574120001,0.003052987799584615,0.007129603397799998,0.0057099590831,,,,0.03759307168096225,0.01658689551987879,0.015228800452142857,0.030234166445463416,0.005450884320781818,0.014809207070628569,0.008560763990260416
Eubacterium_rectale_56927_B,0.17037139265909088,0.03717591289498667,,,,0.05962420991040682,,0.03910892276725,0.11056081684502857,0.1375495675467857,0.025202834861083333,0.04941190582033031,0.0355809502347,0.3329972812105862,0.024169114076727272,,,,0.03214172770241176,0.029969636469175,0.0522884220655,0.028210973797680002,0.10832218122720001,,0.024629158346720005,0.015967949264230768,,,,,,,,,0.020385039979530003,,,,0.02968755160508333,,,,,,,0.08684792258025001,0.14654592495296184,,,,,0.016408447416559998,0.050672259164,0.03326749838689091,0.038583632206750006,0.03066810568116667,,,,,,,0.02190818392437273,0.02525138033576,,0.01740323415212941,0.03791462325757728,,0.017710999926738462,,0.06618295819464706,0.044156021393571436,,0.0918780964967647,0.1372035359117895,0.046283399160250004,0.034512784172999994,0.03952565193805714,0.09955695513392307,0.12694340665497675,0.12308360990159722,0.02372521103386923,,0.023717889255583335,0.06031711783066667,0.08424331996163635,,0.037714129671137506,0.06090216648417,0.03969102170293333,0.09807324841888525,0.016988336589436364,0.125405035221375,0.08992402181571428,0.10127949970302563,0.020412772602416668,0.05559339061310666,,0.0920924092132,0.06676487680167001,0.18610983239726786,,0.03723780953521538,0.0304852421256,0.05040043310413636,0.023603493335800002,,,0.06615856757349091,0.21759906780243052,0.27167719109849997,0.03181145519208,0.013214159104105833,0.09662699899288889,0.11733618156521738,,0.027328135045285713,0.04994936003888,,0.023822288054750004,0.06713241236374284,0.07799477068655758,0.3170101038363157,0.3256302346501161,0.0995967108004,0.24903953203906518,,0.03331987514712,0.059202343709989995,,,0.03254483982595625,,0.16963008887550005,0.19418500449292683,0.018321939968769227,0.01317706587561,,,0.09759559897416668,,0.014044856353438094,0.049335037013440004,0.02131349762978182,,0.040440886936,,,,,,0.02713148192994545,,,0.027575128143333336,,0.21426950119434,0.07100136509494287,0.05135719371180001,0.03091611313304705,0.09139453302428571,0.09144370666112499,,,0.09761166260370455,0.10141056552813335,0.03609048760538947,0.029114614604749997,0.1028240911690909,0.05638669831982609,0.030627153159500008,,0.041216065232593344,0.020331194348136,0.043681817307171425,,0.05542820260764706,0.013362799823842855,0.032850341878402176,0.027406270296480004,0.016791432897715383,0.0463424220857,0.0285497954155,,,,0.2470401853320377,0.12025499251912121,0.09137280271285715,0.19514780160253659,0.024528979443518176,0.11477135479737141,0.07362257031623959
Bacteroides_xylanisolvens_57185_A,0.015529204803333335,0.01852712033052,0.03006447367548,,0.018688449023312497,0.01580311004127143,0.013926722144492306,0.011039962857066668,0.01986124550177778,0.0161628385248125,0.019057735853317645,0.0168709675682,0.02369664516485,,0.012829705022756252,0.00960799461455,,,0.0237482290999,0.022454284644383052,0.020365719967560002,0.02816753735273703,0.01455829235341765,0.01563657238674762,0.026744490466353337,0.02769461037458571,0.0234911182293,0.025688326374426227,0.021233131777384617,0.018268966428975,0.0213075379206,0.01289135133095238,0.023626445945899997,0.022678400339804998,0.02572919769081081,0.011325477649475,0.010852828504657144,,0.01609426943976,0.01875947282736111,0.019069685582035714,0.01503704727258182,0.02591693349317895,0.01689213809010714,0.016731048423636364,0.016743307199800002,0.02442607119482105,0.03161198251971428,0.01498468027204,0.018987732176999998,0.034604603716499996,0.027420845835961542,0.01529969029296,0.020272052734069228,0.026811758063433336,0.030154287866999998,0.023165921374702938,0.015731601425114285,0.022072474728107146,0.02216963671058182,0.023101383943423075,0.020898950249945456,0.02001925059593846,0.02217353234339348,0.022682958162882353,0.018175570296800003,0.028681431531796874,0.03918271019592,0.021912755737523812,0.012726738004162963,0.026453619490000004,0.020090755491687498,0.02258649589491176,0.030006581753115387,0.015737707194787502,0.011034574733199997,0.017872370297520004,0.019977562902389473,0.013636934593907694,0.009594957327933333,0.021248074627358334,0.015594810199320004,0.03516178486336364,0.010329371098022221,0.018373570166836366,0.017355734385784614,,0.026538997612165712,0.029703876260741658,0.0203658348856,0.025535621209924957,0.0169557144814,0.03805185564361176,0.018294490327285712,0.02027677637812105,0.02127262059827778,0.023397986560026316,0.02327235781129677,0.02823557514282857,0.023638690222994117,0.019294083517838893,0.020014704984583333,0.03480237290840417,0.015102889002083333,0.013778683277,0.014289405864166669,0.02493058772112,0.02546320299361706,0.018019943636400006,0.008399797057425001,,0.017671202041912498,0.022308502191428572,0.01986333231941212,0.018460376777574998,0.04316086259502222,0.029404793753265514,0.01921257061142609,0.020734883225157895,0.023132746091858333,,0.019469756607194116,0.01595356947835,0.024297821713694736,0.02713765066448695,0.019676014148063636,0.040567358475700005,0.025464849439023073,0.04159076533428571,0.02115729655591666,0.02283016236997333,0.017348088757,0.038650516091,0.03226504512602647,0.019148990190206668,0.020831962543035716,0.016801452345135137,0.03338318643402439,0.03648000636249412,0.035302876917545446,0.025649013435313336,0.01620280402127778,0.023582634142090907,0.01883006677175,0.0186296161517,0.024808816269777774,0.027388233776,0.023964422077465117,0.01871493567515555,0.029637241376429268,0.018010506665666667,0.026456594365132587,0.024365565490318174,0.02355894465678,0.025733629114491664,0.03210458785457894,0.01280967006852,0.018821478453654544,0.019638003854747826,0.016560695549005265,0.010967196320099999,0.019234269284731435,0.0204981103538,0.021922252973744828,0.014581433824833335,0.0155120302931625,0.01648638195548235,,0.027423522281302324,0.0166919057207913,0.017186948970655175,0.019052909758947367,0.020362841695585717,0.021339719838147368,0.01727326995545,,0.016682094509220834,0.02134766655916667,0.02176726168137143,0.0195257115645,0.02409581216949107,0.020429819322232257,0.022484699572049998,0.02006801956286364,0.017085872972960003,0.01786990690872727,,0.012300371087724,0.015217464508541669,0.008055831272945456,0.03315270769461538,0.025539937572079997,0.016950140791461923
Bacteroides_xylanisolvens_57185_B,0.012423363842666665,0.012351413553680001,0.020042982450320004,,0.0112130694139875,0.00972499079462857,0.00870420134030769,0.005519981428533335,0.012638974410222222,0.0096977031148875,0.02143995283498236,0.0168709675682,0.02369664516485,,0.009978659462143751,0.00960799461455,,,0.04749645819980001,0.02849966897171695,0.03054857995134,0.04097096342216296,0.020797560504882358,0.009622506084152382,0.030565131961546668,0.03692614716611428,0.0391518637155,0.04244158270557377,0.04777454649911539,0.030448277381624998,0.035512563201,0.04125232425904762,0.0270016525096,0.042117029202495,0.053602495189189185,0.033976432948425,0.02713207126164286,,0.02414140415964,0.04877462935113888,0.034325434047664284,0.026314832727018175,0.03563578355312106,0.030405848562192864,0.029279334741363627,0.0251149607997,0.033585847892878946,0.04214931002628571,0.02247702040806,0.018987732176999998,0.0207627622299,0.01535567366813846,0.01019979352864,0.01737604520063077,0.053623516126866666,0.070360005023,0.06434978159639707,0.039329003562785715,0.03973045451059286,0.03879686424351817,0.03150188719557692,0.01741579187495455,0.01715935765366154,0.016842191233506523,0.020162629478117648,0.0142808052332,0.04191901531570312,0.05877406529387999,0.024104031311276187,0.013705717850637036,0.0224855765665,0.0441996620817125,0.05420759014778823,0.04801053080498462,0.0262295119913125,0.027586436832999994,0.02680855544628,0.03424725068981053,0.030683102836292307,0.01918991465586667,0.04829107869854166,0.062379240797280015,0.05078924480263636,0.036152798843077774,0.03215374779196363,0.03278305383981539,,0.025064608855934287,0.021217054471958336,0.0203658348856,0.026781985057475043,0.0169557144814,0.05435979377658823,0.024392653769714282,0.03476018807677895,0.01701809647862222,0.025997762844473683,0.028259291628003228,0.03764743352377143,0.02101216908710588,0.030319274099461117,0.028020586978416664,0.04892754137489584,0.021144044602916662,0.019290156587799995,0.028578811728333334,0.13088558553588,0.17663843966438292,0.0495548450001,0.025199391172275,,0.07657520884828749,0.09481113431357142,0.02702178220618788,0.055381130332724994,0.053951078243777775,0.03619051538863448,0.05443561673237391,0.018661394902642105,0.02733869992674167,,0.01730645031750588,0.01595356947835,0.01767114306450526,0.011872722165713043,0.011243436656036363,0.0463626954008,0.02182701380487692,0.03119307400071429,0.029620215178283338,0.019976392073726666,0.017348088757,0.038650516091,0.05212045751127353,0.052924699824593344,0.09582702769796428,0.10752929500886488,0.05786418981897561,0.0410400071578059,0.029419064097954545,0.029313158211786667,0.012962243217022221,0.019652195118409092,0.01883006677175,0.0186296161517,0.031011020337222223,0.041082350664,0.03328391955203488,0.02339366959394444,0.046308189650670725,0.023552201024333332,0.03271870624366742,0.02923867858838182,0.015705963104520004,0.01838116365320833,0.02889412906912105,0.00853978004568,0.010755130544945455,0.008591626686452174,0.0076433979456947375,0.014622928426799998,0.01619727939766857,0.0204981103538,0.023488128186155168,0.011665147059866668,0.0120649124502375,0.00899257197571765,,0.028729404294697673,0.018209351695408695,0.018414588182844825,0.01714761878305263,0.01851167426871429,0.02934211477745263,0.01727326995545,,0.014115618430879164,0.02988673318283333,0.02584862324662857,0.0195257115645,0.02588068714500893,0.03234721392686774,0.022484699572049998,0.024081623475436364,0.021745656511040004,0.021443888290472727,,0.021867326378176004,0.021304450311958333,0.014097704727654542,0.04520823776538461,0.03830990635811999,0.024713932163938083
Bacteroides_ovatus_58035_A,0.030279525325445453,0.040335798508368,0.06933663883266668,0.04099316297661176,0.04392160807403077,0.03499776880924524,0.03275483722406316,0.033670107757575,0.04237890152643124,0.03687202279041667,0.027315098859550004,0.026518578098699997,0.033290447646568,,0.024132365113417646,0.014823934971825,,,0.019421082516294118,0.02764163506215698,0.0216953723171,0.028104773163179997,0.018953596789040815,0.027877102329681817,0.03154178762807143,0.03476524937080001,0.028045817692573336,0.025199871261079167,0.01671195306053846,0.018540981466863636,0.02332265297155,0.008280165348738463,0.03502601348777143,0.018024699136663637,0.021502916353437037,,,,0.018620370497650002,0.012188913938633335,0.01645303907471875,,0.03633126159521052,0.013273094114360002,0.018403104246613334,0.01877780437295,0.0273966431721,0.04410740127098667,0.014863837063246158,0.02900244355735294,0.0849490001157143,0.07831784274052082,0.026965885387200003,0.03474741790347873,0.022689631224484846,0.02403580475546666,0.014722956038031816,0.013072015804495235,0.018926885324884207,,0.026128068794719045,0.038224872777921436,0.03308989294728333,0.0471141943272,0.03446170169118,0.03890301697274899,0.03150413652203636,0.04605461209384616,0.028471132936064007,0.018296226090055556,0.044710576769687496,0.013364561621127275,0.016975262189818183,0.029383341498500002,0.014336562467866664,0.008972041826933334,0.017812387529694114,0.021523862390249997,0.009822682476109092,0.00839439625964,0.01743483244362222,0.007276201104736841,0.0414459225398087,0.0055233959684454536,0.016851640137612502,0.01703097449472727,,0.04497892437798,0.05541105402443102,0.035242446078586044,0.04219187150297143,0.022256492225057895,0.04265207742785,0.02420761517075,0.020631798655363638,0.04221745769496774,0.0319401999954,0.030817728613969232,0.03372953024363479,0.040456980295294445,0.019160948202458332,0.017753689469499997,0.043400871831,0.0177774582586,0.016582913394549998,0.011713431251160002,0.011882678216776474,0.010777670673768421,0.012277096648133335,0.0057039137943692315,,0.00856121481366923,0.011348614672590813,0.0221784796949,0.012135533377375,0.05005030814812903,0.03435715468665227,,0.03672991786517778,0.03191463502887692,,0.03302308086225,0.023926136501142854,0.047161417184,0.08793605125363636,0.04939285743217222,0.05331060477579376,0.04431715260381819,0.08009799804806896,0.025460990380599995,0.03161135907726,0.028870992099483336,0.06260202125981817,0.035509460692848,0.011589750198365214,0.010511053138625926,0.0059929368063000015,0.03191669462286364,0.052124466723163794,0.063236003633125,0.02913520098384,0.0328820565526091,0.03885905421613871,0.03214046410949999,0.0308274343332,0.030460586131039392,0.028040267823809525,0.029135897096599996,0.021200996368694117,0.034351798877263265,0.01833112346755,0.03355361485383809,0.02870143121184,0.05005612573,0.05080313782208438,0.04718183171739224,0.02758083421394,0.050449218188428575,0.06079576340269269,0.05979660232069999,0.012549215012299999,0.036798301840212905,0.03181899710258824,0.030087202732272004,0.027543718336371436,0.029799896188270003,0.04615252924858948,0.017875607070428567,0.03827404191125264,0.022404649349142856,0.02694452095925714,0.031155400079100004,0.035268326295,0.02719422509154783,0.022883899591333332,,0.02671365395895385,0.02411273097515,0.02882990404344282,0.0292727027808,0.03370488144793102,0.02114780960474,0.03390951725535295,0.0252704584669,0.023217316984588236,0.022929926043440005,,0.013056270752429999,0.015647223001700003,0.00810747748757143,0.033342771662,0.027753093102809528,0.0195667472605
Bacteroides_ovatus_58035_B,0.017302585900254543,0.018981552239232004,0.034668319416333325,0.01708048457358824,0.01952071469956923,0.015688654983454762,0.015117617180336843,0.011223369252525,0.019263137057468748,0.016223690027783337,0.020888016774950002,0.0176790520658,0.026156780293731998,,0.013163108243682352,0.010588524979874999,,,0.027744403594705883,0.025369275162743024,0.0216953723171,0.03211974075792,0.01754762384605918,0.013009314420518177,0.027336215944328574,0.03476524937080001,0.03205236307722667,0.029781666035820838,0.02673912489686154,0.022249177760236362,0.02332265297155,0.01863037203466154,0.026269510115828575,0.02603567653073636,0.03127696924136296,,,,0.018620370497650002,0.024377827877266667,0.02115390738178125,,0.032698135435689474,0.01990964117154,0.021032119138986668,0.01877780437295,0.0273966431721,0.038593976112113335,0.017341143240453844,0.02030171049014706,0.03397960004628572,0.02908948444647917,0.013482942693600003,0.021123611366721265,0.030793070947515152,0.03905818272763333,0.03154919151006818,0.021242025682304762,0.02602446732171579,,0.02375278981338095,0.02123604043217857,0.02105720460281666,0.023557097163599994,0.022974467794120004,0.02079455290475101,0.03347314505466363,0.048478539046153846,0.022370175878336,0.014636980872044443,0.0268263460618125,0.023387982836972722,0.029706708832181808,0.0347257672255,0.01792070308483333,0.017944083653866665,0.020038935970905884,0.02543729191575,0.017189694333190907,0.012591594389459998,0.027397593839977776,0.020373363093263156,0.045213733679791306,0.014729055915854545,0.019915574708087493,0.02043716939367273,,0.02998594958532,0.030271707273468968,0.023043137820613957,0.03164390362722857,0.016186539800042105,0.04265207742785,0.02420761517075,0.024758158386436364,0.02321960173223226,0.024842377774199998,0.026415195954830772,0.03091873605666522,0.025745351097005553,0.022644756966541668,0.021304427363400005,0.043400871831,0.0177774582586,0.016582913394549998,0.017570146876740002,0.03861870420452353,0.040416265026631586,0.024554193296266666,0.01283380603733077,,0.02853738271223077,0.029091883047109187,0.0221784796949,0.026698173430224997,0.04692216388887097,0.031369576018247726,,0.023373584096022217,0.02735540145332308,,0.019813848517349998,0.017944602375857144,0.023580708592000003,0.02586354448636364,0.018997252858527776,0.04146380371450625,0.02790339238018182,0.04215684107793104,0.025460990380599995,0.02107423938484,0.020622137213916668,0.04333986087218183,0.038468582417252005,0.02173078162193478,0.030031580396074068,0.021974101623100005,0.038300033547436364,0.04278645653193621,0.037941602179874995,0.02549330086086,0.018789746601490912,0.02454256055756129,0.021426976073,0.0205516228888,0.028668786946860605,0.030844294606190467,0.029135897096599996,0.018845330105505882,0.038832468296036746,0.01833112346755,0.0305032862307619,0.02511375231036,0.023102827259999997,0.026611167430615625,0.031229235320107757,0.011820357520260002,0.02017968727537143,0.017098808457007314,0.017084743520199997,0.012549215012299999,0.023241032741187096,0.022273297971811764,0.023639945003927996,0.015302065742428572,0.01604609794753,0.016483046160210523,0.007150242828171427,0.02783566684454737,0.016803487011857143,0.02020839071944286,0.019826163686699996,0.023512217530000004,0.02492803966725218,0.018307119673066665,,0.01669603372434615,0.02411273097515,0.023779114967857184,0.0219545270856,0.026623419516968984,0.02416892526256,0.02373666207874706,0.0252704584669,0.020637615097411768,0.02116608557856,,0.01595766425297,0.015647223001700003,0.01080996998342857,0.033342771662,0.030528402413090475,0.0195667472605
Bacteroides_vulgatus_57955_A,0.0072836730459454576,0.004794250743823512,0.009039926961972955,0.010770045977600012,0.008430637883300007,0.0035973930271028043,0.007812551634439032,0.006167259554931842,0.007761419831083336,0.005853544914571372,0.004679620222861553,0.004608265782862957,0.005426691938411787,0.005710196332425006,0.00540887246292208,0.011419393426421025,0.01157744829935419,0.013109815883363686,0.00646451882279708,0.00389633850503634,0.006826181584145109,0.00826815213567339,0.005035750146030715,0.005555678073142838,0.0076612283637600065,0.00675331853129027,0.010294558244370372,0.005102523757143244,0.010662905718769194,0.005687965058695634,0.006239760366195076,0.006161377102301565,0.01048222694696001,0.008122170660613668,0.005704375120379285,0.009925053992955618,0.010344001130953505,0.013139624530589696,0.00846804138737497,0.008766758480125016,0.011291126244472227,0.010384768196562501,0.008589228599000003,0.01140103780194445,0.011616516061694449,0.007904997224095248,0.0047863929342127475,0.008616496144928583,0.00943019946900006,0.006955620417943436,0.006656227065684211,0.00872809003507085,0.00948282624311765,0.007373412674132118,0.008233235676225008,0.005928748211769209,0.008968503858317082,0.010030031413710828,0.011555785478952396,0.01623185752396423,0.00917993433811238,0.0133135170516232,0.012460072827522425,0.01156983022807998,0.011564430306151547,0.012946654035967784,0.008546364004060007,0.00866299435833556,0.017857588289870486,0.02818570332860377,0.010298265114470592,0.01267552514278125,0.014222783271720014,0.00850792026984124,0.012472791212000034,0.01556584044254644,0.01390200777907692,0.008741451417812516,0.007349867502400007,0.007812282930812997,0.007273453165981427,0.007757788367999991,0.012469550812040864,0.020083547163588275,0.01614010656291142,0.026207067035199993,0.024331934475399993,0.0744706035016,0.09689497870770272,0.09974865623439394,0.06204676106175003,0.07179259703929412,0.021641996998658534,0.04741969582459091,0.036474655443895554,0.09787293262998374,0.051410369665647916,0.04270005463571428,0.03905236586412903,0.02463877063043478,0.01812877100263999,0.0539264222472353,0.015230668413655153,0.036092399395882366,0.048679905428528285,0.0667182878811,0.013260623980833339,0.009401616682809512,0.025129178274929546,0.026172990520888888,0.025085616656790745,0.022204400310589296,0.008593989261185172,0.023717310363483853,0.025435222692045456,0.006748933310677412,0.0172907358873412,0.012433787004083338,0.02699394798818419,0.020432988972450022,0.01887500584695651,0.03525982332320391,0.014540614711781825,0.005831699934410248,0.01148242890182456,0.00867697170186956,0.009971556100216217,0.015012102618688518,0.014315525076666648,0.0465314469167195,0.035842616651704545,0.043651812188689736,0.029976091895928553,0.01254900505175,0.0111630644920769,0.00835290614634782,0.0083923715016735,0.03059514606519511,0.014356371144592595,0.017468077163181772,0.027896889231117702,0.03603127273492502,0.013912116477612892,0.0284784366608842,0.026482214433779017,0.007834137088756741,0.01844384643449618,0.02555820112084619,0.033949334129999995,0.010493386133902185,0.028211777509685895,0.01744574523174738,0.029281787022976794,0.032669684747327433,0.022889835378666675,0.013672410666224247,0.013452139961724122,0.02095436251902431,0.019831548220666677,0.02173918241629416,0.017773852020560747,0.016181654935248254,0.025417101387302656,0.02150287960893332,0.018793972823353867,0.010453846917375,0.012859457569257146,0.021188153441894734,0.006331890302440005,0.0185581730174922,0.016927950307521727,0.014118768349867363,0.0168742564347959,0.033161493099814796,0.03720834654848485,0.049631705618749994,0.048517484699363025,0.032091679815125,0.0308419533825625,0.010509410533188416,0.024163821765018825,0.02161283152269226,0.02193082277660719,0.023115576702000012,0.02519411990305555,0.022490010379102063,0.016765131479021728,0.020656574170313573,0.017417092645660725,0.015347277293135586,0.010919780927475385,0.0071945923014467795,0.011011903464285674
Bacteroides_vulgatus_57955_B,0.3158592830501346,0.38556839635903845,0.29731315341599995,0.31017732415488003,0.27782783933602273,0.26059872593229816,0.22324958155381822,0.18857180062876272,0.1613500798687183,0.12223228133762694,0.17208509265759375,0.18248981976267556,0.2035945113445517,0.12021465963,0.1429718377885821,0.2689505055951875,0.3274379314697742,0.32774539708409095,0.30070907782449435,0.3061408825385714,0.3073937349155053,0.27549482916064,0.21821583966133332,0.2288512006283077,0.27039629519152947,0.25026090741241375,0.2707893336135155,0.2788136667877959,0.28538953541411766,0.2574262895919355,0.26385962191902695,0.2641690432611805,0.17220801412862857,0.26803163180025,0.23721590123237732,0.3222501707839367,0.3504422201335151,0.4370857454146176,0.3909030997199054,0.35378894894101287,0.2914388811780754,0.21772203667275863,0.2046794900187234,0.28521918297745763,0.28256390420337835,0.24649218616951515,0.16612465322436926,0.25131447089375,0.3001563489523171,0.24812838221701924,0.13832471870875002,0.2882539427658156,0.24872098546234286,0.30007156222048215,0.240462756258,0.20836483370466208,0.25405325475014545,0.25694216275864196,0.3276065183283,0.3138159121299762,0.2799029979204074,0.3242232976101177,0.29432928441935896,0.3037080434871,0.24641660098950305,0.3687798916485257,0.3357500144452143,0.23570877693245218,0.33271175078340737,0.36979919097552943,0.2457129922049123,0.2863177444016471,0.2488987072551,0.1869763873255814,0.31260919746531646,0.3522795468576316,0.33395040425826084,0.29895763848918755,0.2024225803939672,0.3790259268599444,0.29544380559163713,0.24179893182957302,0.1957134967296094,0.26151342264076594,0.13770738919476,0.13699148677490908,0.1946554758032,0.14894120700320002,0.15383399165012,0.2240572757265,0.2463209762451429,0.24790881165131246,0.11293187524754544,0.22919519648552272,0.13406436836353447,0.22930229930453333,0.2724928100507344,0.32951066258042166,0.1916820291164333,0.255011276025,0.14503016802112,0.14103833510815386,0.17176809377622224,0.1887910122246154,0.21338635236715786,0.2749602167221091,0.1735936230218182,0.14011441636961292,0.30713440113802815,0.2717964400246154,0.2783694235463226,0.3174756810365106,0.15132894133826086,0.20678529973162502,0.14921997312666666,0.17737957331758694,0.2587972099659652,0.1193643552392,0.30639883820354546,0.29936704773589534,0.17365005379200002,0.23147492805804393,0.12495840767937501,0.08226419269178721,0.24322577437310808,0.15799319307154164,0.15031197528844442,0.1568625722702778,0.22304511651709677,0.24011507710810617,0.18727767200515624,0.26695904188865305,0.31636306216318455,0.14456453819616,0.11488653873095835,0.1527082585216923,0.1609146014016522,0.2150401694868,0.13843643603714287,0.17736816811846154,0.32448486947773686,0.2894820202635,0.29857542286569233,0.319691797789291,0.32837945897886045,0.1974429622804058,0.20135572327330986,0.2462258840124375,0.3587405730813525,0.2489374370885472,0.38002749135942104,0.27880583501203743,0.28716699904989473,0.29738488032497784,0.274678024544,0.3346612937582353,0.2859040431591096,0.3124104957381818,0.24238558936370372,0.24477754746658442,0.24440831051566267,0.2540693821123613,0.29534977122572975,0.26540697117312007,0.28533914943486133,0.24085663297631998,0.33393107558877416,0.15336187253180952,0.21343450457662924,0.21428232925905,0.24481406922014393,0.28575159421144564,0.1889916720697143,0.21006530436690382,0.17175638540684524,0.21379811651153843,0.3308010320411111,0.3374210906276,0.3256238887737211,0.2480774012702632,0.20865902289179222,0.18451551688029852,0.25120760635022726,0.2800541023511539,0.23642841509024723,0.23322973726476187,0.16912194035855266,0.18531705238062499,0.22827508658993617,0.218246153507,0.2177656311883077,0.23329441548024804,0.2339083696354717
Bacteroides_vulgatus_57955_C,0.08092970051050505,0.09961387656611109,0.03642233023196502,0.11539334976000001,0.13795589263581823,0.1206176325941573,0.09075580815340001,0.07753126297628571,0.11383415752255552,0.1590000950164565,0.23055522881017387,0.26616417012255766,0.1626168024934237,0.10691431430923404,0.26988110040996005,0.2258697458754154,0.2176798990552797,0.24423228051810036,0.14042371442853704,0.11723960255064576,0.11202968599861764,0.12379261114244446,0.10657052634623256,0.116669239536,0.10841360892113211,0.16339736544,0.14145826016148216,0.11818226360382351,0.12475599690960003,0.12943146021861704,0.11868352771488891,0.1194359253676923,0.08453408828193548,0.08480096825318645,0.08867130371241191,0.11753353412710527,0.08750007514052459,0.06948411616176269,0.08096273716709756,0.06375824349181818,0.11023201214942373,0.1077770537156757,0.09149395681543478,0.11726781739142857,0.12867525483723077,0.083002470853,0.05525344825810527,0.10591985504985367,0.1178774933625,0.11729705341168181,0.04479086129616669,0.07160642341434109,0.06811607583084507,0.08289503339706061,0.08233235676225,0.09358952534292855,0.10724835863904165,0.14891664022886242,0.14933630465107695,0.1298548601917143,0.12159804926750936,0.12132884407422642,0.1102598897378868,0.12122800055157357,0.12461263676832655,0.10070142902885454,0.08284740616180612,0.07716656387669565,0.061552442721018244,0.09890736533347946,0.09369970794292957,0.10714406158426418,0.09697352230718181,0.07657128242857142,0.08665307578863157,0.08060497150628573,0.10574399534085105,0.1115364940399367,0.08683025287467358,0.09430875882912433,0.09033628832149,0.04486025447582609,0.09854967577258068,0.05852919459102854,0.10108463681884808,0.09897476223838002,0.027035482750444442,0.055852952626200006,0.07433251157640351,0.052429949426808856,0.05573323098880001,0.08564730874863156,0.041408354257433326,0.06730537471877421,0.0501660217102258,0.10236709790380953,0.08011272968474074,0.07472509561249999,0.06984365433392306,0.058122228153846156,0.06345069850924001,0.1103494381170278,0.03271773214785185,0.020887516246127658,0.10366212004199998,0.09884190797199999,0.056162642742352935,0.04935848758475,0.06331551173362746,0.0545417017230604,0.05640164790807844,0.07423560700853729,0.07251178439125,0.13785686648775,0.049739991042222216,0.02871604957680392,0.08923254770431428,0.022954683699846153,0.10478935421479953,0.08694888924446807,0.031008938177142856,0.09403668952358037,0.06058589463242425,0.0267572114637647,0.07272204971155555,0.03592266284573999,0.0276710681781,0.05723364123375001,0.06263042221041666,0.13542948901995833,0.09130434978644736,0.10819679944205127,0.07298526722486955,0.04259056259987879,0.02015553311069444,0.032019473560999996,0.03707777245411474,0.11200008827437499,0.043069113433777784,0.05996134288638297,0.1210843702797447,0.116858181843,0.11882083154859183,0.1016754642222745,0.10122090850244445,0.08367181467991751,0.09775218018738462,0.10666343966966292,0.12115252571882353,0.06278969263863413,0.12829641677023812,0.11616909792168226,0.10101102113507185,0.12960564141956843,0.11409702557981537,0.14006948374014894,0.09056172795660712,0.09521273484804123,0.09366749076601354,0.1018489254936614,0.05403407815228335,0.1315981761985497,0.13995408348674454,0.12621255422634783,0.10257779060074809,0.08205283618166037,0.10355846361083186,0.02561840370701819,0.09585994282977474,0.09615232723162498,0.12559447002354843,0.16166232351119583,0.12488129779681482,0.11440715119436108,0.09733158944695122,0.13235121498333333,0.21549324372963813,0.14193393349128453,0.1355308373994296,0.10304753591226319,0.11581291991396844,0.0730513705467,0.09391552341982354,0.11245415692864867,0.09929135254425266,0.11169708420257567,0.07140704148472224,0.08895218514270001,0.07947354866464444,0.06801798011605634,0.10517473209094737,0.09777710983171083,0.10090907901818182
Bacteroides_fragilis_54507_A,,0.00867273881467,,,,0.012828178061600002,,,,0.016715881584900002,0.0207877657321,0.0146015429862,0.020770169649900003,,0.026394308901100002,0.0134595625539,,,0.0186021744848,0.0153074098431,0.0219568325788,0.0318370914627,,0.0190235056456,,0.0184766355967,,0.019792802370900003,,,0.019148981473999998,0.0135120778235,,0.047902335231,0.0409606118778,0.029665552764900002,,,,,,,,,,,0.0248604148503,0.0285092470927,,0.0178253558199,0.0226175583153,0.0287445461907,,0.019008583969599997,0.0160597490059,0.023991572808900002,,0.0172856723853,,,,,,,0.0266781699026,0.0183956882776,0.0343143591553,0.0279903443965,0.0216679957311,0.007186503100609999,0.0184946176677,,,,0.0438094943226,,,0.021180486852,0.0178699551011,,0.027964987935099998,0.052092896858000004,0.0333253655003,,0.030374274900700004,0.00994289248598,,,0.0132777714383,0.025687868700799997,0.0111604794212,0.023847417247099996,,,0.013724519787399999,0.0212934308096,,0.0222383999512,,0.0143038573733,,,0.045411471539699995,,,0.0178812561346,0.047133455049,,0.00730516045846,0.0106922596356,,,0.0223105839445,0.020191633729,0.0425986365663,0.0361440175446,0.0130793188398,,0.025313772475999998,0.0151275987378,,0.0120770095945,,,0.033645560864900004,,0.0358193761478,0.0348518661319,,0.0107019693718,,,,,0.030863665548799997,0.0464815901121,0.0424185229468,0.0201048484284,,0.0171800943708,,0.009430290739620002,0.0144948710672,0.0255813979696,0.021007098831000003,0.027952432009400004,0.0210738116568,0.019509725566599998,0.022174430170499998,0.0378862187411,0.031095543178900002,0.0169455732191,0.021851558448799997,0.022692982464999997,0.013563334512499999,,0.0298576411834,0.019695709209200003,0.0158648325714,0.0164258350314,0.027190368264900004,0.0135408513603,0.0162737010992,0.016156349490100003,0.019059091993599998,,0.012939102658799998,0.0460769194202,0.0240339273617,0.0118809157674,0.0108793732345,0.014468177501900001,0.024507228256,0.0187551985659,0.018960628854,,,0.0137227776456,0.0126133594685,0.023736579509099996,0.014808763543100002,0.0158732637405,0.0179964877237,,,,,,,,,0.025003312208,0.0181985873599
